{
	"credit": "Made with Blockbench",
	"texture_size": [64, 64],
	"textures": {
		"0": "block/custom/shiny/buneary_shiny",
		"particle": "texture/buneary/buneary"
	},
	"elements": [
		{
			"from": [11.05, 4.2, 5.5],
			"to": [15.55, 8.2, 9.5],
			"rotation": {"angle": -22.5, "axis": "z", "origin": [12.8, 5.45, 8]},
			"faces": {
				"north": {"uv": [4.75, 0, 5.875, 1], "texture": "#0"},
				"east": {"uv": [5, 3, 6, 4], "texture": "#0"},
				"south": {"uv": [4.75, 1, 5.875, 2], "texture": "#0"},
				"west": {"uv": [3.75, 5, 4.75, 6], "texture": "#0"},
				"up": {"uv": [2.375, 6, 1.25, 5], "texture": "#0"},
				"down": {"uv": [3.625, 5, 2.5, 6], "texture": "#0"}
			}
		},
		{
			"from": [-0.65133, 2.84224, 5.25],
			"to": [4.24867, 5.24224, 10.1],
			"rotation": {"angle": 22.5, "axis": "z", "origin": [1.74867, 5.09224, 8.75]},
			"faces": {
				"north": {"uv": [0, 5.75, 1.25, 6.375], "texture": "#0"},
				"east": {"uv": [6, 0, 7.25, 0.625], "texture": "#0"},
				"south": {"uv": [6, 0.75, 7.25, 1.375], "texture": "#0"},
				"west": {"uv": [1.25, 6, 2.5, 6.625], "texture": "#0"},
				"up": {"uv": [3, 3.75, 1.75, 2.5], "texture": "#0"},
				"down": {"uv": [4.25, 2.5, 3, 3.75], "texture": "#0"}
			}
		},
		{
			"from": [-1.41939, 5.20862, 5.5],
			"to": [2.88061, 5.20862, 9.85],
			"rotation": {"angle": 22.5, "axis": "z", "origin": [0.73061, 7.45862, 8.75]},
			"faces": {
				"north": {"uv": [0, 0, 1.125, 0], "texture": "#0"},
				"east": {"uv": [0, 0, 1.125, 0], "texture": "#0"},
				"south": {"uv": [0, 0, 1.125, 0], "texture": "#0"},
				"west": {"uv": [0, 0, 1.125, 0], "texture": "#0"},
				"up": {"uv": [1.125, 4.625, 0, 3.5], "texture": "#0"},
				"down": {"uv": [2.375, 3.75, 1.25, 4.875], "texture": "#0"}
			}
		},
		{
			"from": [-0.91939, 5.25862, 6],
			"to": [2.28061, 5.25862, 9.35],
			"rotation": {"angle": 22.5, "axis": "z", "origin": [0.63061, 7.50862, 8.75]},
			"faces": {
				"north": {"uv": [0, 0, 0.75, 0], "texture": "#0"},
				"east": {"uv": [0, 0, 0.875, 0], "texture": "#0"},
				"south": {"uv": [0, 0, 0.75, 0], "texture": "#0"},
				"west": {"uv": [0, 0, 0.875, 0], "texture": "#0"},
				"up": {"uv": [4.25, 6.875, 3.5, 6], "texture": "#0"},
				"down": {"uv": [6.75, 4, 6, 4.875], "texture": "#0"}
			}
		},
		{
			"from": [-0.50133, 4.29224, 5.1],
			"to": [3.29867, 4.79224, 5.1],
			"rotation": {"angle": 22.5, "axis": "z", "origin": [1.29867, 6.04224, 8.6]},
			"faces": {
				"north": {"uv": [7.25, 1, 8.25, 1.125], "texture": "#0"},
				"east": {"uv": [0, 0, 0, 0.125], "texture": "#0"},
				"south": {"uv": [7.25, 1.25, 8.25, 1.375], "texture": "#0"},
				"west": {"uv": [0, 0, 0, 0.125], "texture": "#0"},
				"up": {"uv": [1, 0, 0, 0], "texture": "#0"},
				"down": {"uv": [1, 0, 0, 0], "texture": "#0"}
			}
		},
		{
			"from": [0.05733, 4.75418, 5.1],
			"to": [2.35733, 5.25418, 5.1],
			"rotation": {"angle": 22.5, "axis": "z", "origin": [1.10733, 6.50418, 8.6]},
			"faces": {
				"north": {"uv": [7.25, 2.5, 7.875, 2.625], "texture": "#0"},
				"east": {"uv": [0, 0, 0, 0.125], "texture": "#0"},
				"south": {"uv": [7.25, 2.75, 7.875, 2.875], "texture": "#0"},
				"west": {"uv": [0, 0, 0, 0.125], "texture": "#0"},
				"up": {"uv": [0.625, 0, 0, 0], "texture": "#0"},
				"down": {"uv": [0.625, 0, 0, 0], "texture": "#0"}
			}
		},
		{
			"from": [-0.45, 1.05, 4.5],
			"to": [6.55, 3.2, 11],
			"rotation": {"angle": 22.5, "axis": "z", "origin": [3.05, 2.05, 8.75]},
			"faces": {
				"north": {"uv": [5.5, 2, 7.25, 2.5], "texture": "#0"},
				"east": {"uv": [5.75, 5, 7.375, 5.5], "texture": "#0"},
				"south": {"uv": [5.5, 2.5, 7.25, 3], "texture": "#0"},
				"west": {"uv": [5.75, 5.5, 7.375, 6], "texture": "#0"},
				"up": {"uv": [1.75, 1.625, 0, 0], "texture": "#0"},
				"down": {"uv": [1.75, 1.75, 0, 3.375], "texture": "#0"}
			}
		},
		{
			"from": [12.75319, 8.03029, 5],
			"to": [18.05319, 11.78029, 10],
			"rotation": {"angle": -22.5, "axis": "z", "origin": [14.15319, 10.53029, 6.5]},
			"faces": {
				"north": {"uv": [3.25, 0, 4.625, 1], "texture": "#0"},
				"east": {"uv": [4.25, 2, 5.5, 3], "texture": "#0"},
				"south": {"uv": [3.25, 1, 4.625, 2], "texture": "#0"},
				"west": {"uv": [0, 4.75, 1.25, 5.75], "texture": "#0"},
				"up": {"uv": [3.125, 1.25, 1.75, 0], "texture": "#0"},
				"down": {"uv": [3.125, 1.25, 1.75, 2.5], "texture": "#0"}
			}
		},
		{
			"from": [13.61698, 11.41019, 5.3],
			"to": [18.21698, 11.41019, 9.6],
			"rotation": {"angle": -22.5, "axis": "z", "origin": [15.91698, 11.41019, 7.45]},
			"faces": {
				"north": {"uv": [0, 0, 1.125, 0], "texture": "#0"},
				"east": {"uv": [0, 0, 1.125, 0], "texture": "#0"},
				"south": {"uv": [0, 0, 1.125, 0], "texture": "#0"},
				"west": {"uv": [0, 0, 1.125, 0], "texture": "#0"},
				"up": {"uv": [3.625, 4.875, 2.5, 3.75], "texture": "#0"},
				"down": {"uv": [4.875, 3.75, 3.75, 4.875], "texture": "#0"}
			}
		},
		{
			"from": [15.16884, 11.84824, 5.7],
			"to": [18.76884, 11.84824, 9],
			"rotation": {"angle": -22.5, "axis": "z", "origin": [15.71884, 14.34824, 6.35]},
			"faces": {
				"north": {"uv": [0, 0, 0.875, 0], "texture": "#0"},
				"east": {"uv": [0, 0, 0.875, 0], "texture": "#0"},
				"south": {"uv": [0, 0, 0.875, 0], "texture": "#0"},
				"west": {"uv": [0, 0, 0.875, 0], "texture": "#0"},
				"up": {"uv": [3.375, 6.875, 2.5, 6], "texture": "#0"},
				"down": {"uv": [6.875, 3, 6, 3.875], "texture": "#0"}
			}
		},
		{
			"from": [10.40038, 1.92731, 5.5],
			"to": [14.40038, 4.67731, 9.25],
			"rotation": {"angle": -22.5, "axis": "z", "origin": [11.15038, 3.42731, 6.5]},
			"faces": {
				"north": {"uv": [4.25, 6, 5.25, 6.625], "texture": "#0"},
				"east": {"uv": [5.25, 6, 6.25, 6.625], "texture": "#0"},
				"south": {"uv": [6.25, 6, 7.25, 6.625], "texture": "#0"},
				"west": {"uv": [0, 6.5, 1, 7.125], "texture": "#0"},
				"up": {"uv": [6, 5, 5, 4], "texture": "#0"},
				"down": {"uv": [5.75, 5, 4.75, 6], "texture": "#0"}
			}
		},
		{
			"from": [13.28639, 9.70678, 4.75],
			"to": [17.58639, 10.70678, 4.75],
			"rotation": {"angle": -22.5, "axis": "z", "origin": [15.43639, 10.20678, 4.75]},
			"faces": {
				"north": {"uv": [6, 1.5, 7.125, 1.75], "texture": "#0"},
				"east": {"uv": [0, 0, 0, 0.25], "texture": "#0"},
				"south": {"uv": [6, 1.75, 7.125, 2], "texture": "#0"},
				"west": {"uv": [0, 0, 0, 0.25], "texture": "#0"},
				"up": {"uv": [1.125, 0, 0, 0], "texture": "#0"},
				"down": {"uv": [1.125, 0, 0, 0], "texture": "#0"}
			}
		},
		{
			"from": [14.41908, 10.63066, 4.75],
			"to": [17.21908, 11.38066, 4.75],
			"rotation": {"angle": -22.5, "axis": "z", "origin": [15.81908, 11.13066, 4.75]},
			"faces": {
				"north": {"uv": [3.25, 2, 4, 2.25], "texture": "#0"},
				"east": {"uv": [0, 0, 0, 0.25], "texture": "#0"},
				"south": {"uv": [3.25, 2.25, 4, 2.5], "texture": "#0"},
				"west": {"uv": [0, 0, 0, 0.25], "texture": "#0"},
				"up": {"uv": [0.75, 0, 0, 0], "texture": "#0"},
				"down": {"uv": [0.75, 0, 0, 0], "texture": "#0"}
			}
		},
		{
			"from": [13.00647, 7.40089, 10.25],
			"to": [15.80647, 8.15089, 10.25],
			"rotation": {"angle": -22.5, "axis": "z", "origin": [14.40647, 7.90089, 10.25]},
			"faces": {
				"north": {"uv": [4.25, 3, 5, 3.25], "texture": "#0"},
				"east": {"uv": [0, 0, 0, 0.25], "texture": "#0"},
				"south": {"uv": [4.25, 3.25, 5, 3.5], "texture": "#0"},
				"west": {"uv": [0, 0, 0, 0.25], "texture": "#0"},
				"up": {"uv": [0.75, 0, 0, 0], "texture": "#0"},
				"down": {"uv": [0.75, 0, 0, 0], "texture": "#0"}
			}
		},
		{
			"from": [13.18639, 9.70678, 10.25],
			"to": [17.48639, 10.70678, 10.25],
			"rotation": {"angle": -22.5, "axis": "z", "origin": [15.33639, 10.20678, 10.25]},
			"faces": {
				"north": {"uv": [1, 6.75, 2.125, 7], "texture": "#0"},
				"east": {"uv": [0, 0, 0, 0.25], "texture": "#0"},
				"south": {"uv": [6.75, 4, 7.875, 4.25], "texture": "#0"},
				"west": {"uv": [0, 0, 0, 0.25], "texture": "#0"},
				"up": {"uv": [1.125, 0, 0, 0], "texture": "#0"},
				"down": {"uv": [1.125, 0, 0, 0], "texture": "#0"}
			}
		},
		{
			"from": [12.78639, 10.75678, 5.35],
			"to": [12.78639, 11.75678, 9.65],
			"rotation": {"angle": -22.5, "axis": "z", "origin": [12.78639, 11.25678, 7.5]},
			"faces": {
				"north": {"uv": [0, 0, 0, 0.25], "texture": "#0"},
				"east": {"uv": [4.25, 6.75, 5.375, 7], "texture": "#0"},
				"south": {"uv": [0, 0, 0, 0.25], "texture": "#0"},
				"west": {"uv": [6.75, 4.25, 7.875, 4.5], "texture": "#0"},
				"up": {"uv": [0, 1.125, 0, 0], "texture": "#0"},
				"down": {"uv": [0, 0, 0, 1.125], "texture": "#0"}
			}
		},
		{
			"from": [13.16908, 11.68066, 6.1],
			"to": [13.16908, 12.43066, 8.9],
			"rotation": {"angle": -22.5, "axis": "z", "origin": [13.16908, 12.18066, 7.5]},
			"faces": {
				"north": {"uv": [0, 0, 0, 0.25], "texture": "#0"},
				"east": {"uv": [4.25, 3.5, 5, 3.75], "texture": "#0"},
				"south": {"uv": [0, 0, 0, 0.25], "texture": "#0"},
				"west": {"uv": [7, 3.75, 7.75, 4], "texture": "#0"},
				"up": {"uv": [0, 0.75, 0, 0], "texture": "#0"},
				"down": {"uv": [0, 0, 0, 0.75], "texture": "#0"}
			}
		},
		{
			"from": [18.03639, 8.70678, 5.35],
			"to": [18.03639, 9.70678, 9.65],
			"rotation": {"angle": -22.5, "axis": "z", "origin": [18.03639, 9.20678, 7.5]},
			"faces": {
				"north": {"uv": [0, 0, 0, 0.25], "texture": "#0"},
				"east": {"uv": [6.75, 4.5, 7.875, 4.75], "texture": "#0"},
				"south": {"uv": [0, 0, 0, 0.25], "texture": "#0"},
				"west": {"uv": [6.75, 4.75, 7.875, 5], "texture": "#0"},
				"up": {"uv": [0, 1.125, 0, 0], "texture": "#0"},
				"down": {"uv": [0, 0, 0, 1.125], "texture": "#0"}
			}
		},
		{
			"from": [17.33639, 6.85678, 5.25],
			"to": [17.33639, 7.85678, 9.55],
			"rotation": {"angle": -22.5, "axis": "z", "origin": [17.33639, 7.35678, 7.4]},
			"faces": {
				"north": {"uv": [0, 0, 0, 0.25], "texture": "#0"},
				"east": {"uv": [5.5, 6.75, 6.625, 7], "texture": "#0"},
				"south": {"uv": [0, 0, 0, 0.25], "texture": "#0"},
				"west": {"uv": [6.75, 6.75, 7.875, 7], "texture": "#0"},
				"up": {"uv": [0, 1.125, 0, 0], "texture": "#0"},
				"down": {"uv": [0, 0, 0, 1.125], "texture": "#0"}
			}
		},
		{
			"from": [18.41908, 9.63066, 6.1],
			"to": [18.41908, 10.38066, 8.9],
			"rotation": {"angle": -22.5, "axis": "z", "origin": [18.41908, 10.13066, 7.5]},
			"faces": {
				"north": {"uv": [0, 0, 0, 0.25], "texture": "#0"},
				"east": {"uv": [4.75, 7, 5.5, 7.25], "texture": "#0"},
				"south": {"uv": [0, 0, 0, 0.25], "texture": "#0"},
				"west": {"uv": [5.5, 7, 6.25, 7.25], "texture": "#0"},
				"up": {"uv": [0, 0.75, 0, 0], "texture": "#0"},
				"down": {"uv": [0, 0, 0, 0.75], "texture": "#0"}
			}
		},
		{
			"from": [17.04938, 6.16388, 6],
			"to": [17.04938, 6.91388, 8.8],
			"rotation": {"angle": -22.5, "axis": "z", "origin": [17.04938, 6.66388, 7.4]},
			"faces": {
				"north": {"uv": [0, 0, 0, 0.25], "texture": "#0"},
				"east": {"uv": [6.25, 7, 7, 7.25], "texture": "#0"},
				"south": {"uv": [0, 0, 0, 0.25], "texture": "#0"},
				"west": {"uv": [7, 7, 7.75, 7.25], "texture": "#0"},
				"up": {"uv": [0, 0.75, 0, 0], "texture": "#0"},
				"down": {"uv": [0, 0, 0, 0.75], "texture": "#0"}
			}
		},
		{
			"from": [13.14229, 7.32686, 4.75],
			"to": [15.94229, 8.07686, 4.75],
			"rotation": {"angle": -22.5, "axis": "z", "origin": [14.54229, 7.82686, 4.75]},
			"faces": {
				"north": {"uv": [0, 7.25, 0.75, 7.5], "texture": "#0"},
				"east": {"uv": [0, 0, 0, 0.25], "texture": "#0"},
				"south": {"uv": [7.25, 0, 8, 0.25], "texture": "#0"},
				"west": {"uv": [0, 0, 0, 0.25], "texture": "#0"},
				"up": {"uv": [0.75, 0, 0, 0], "texture": "#0"},
				"down": {"uv": [0.75, 0, 0, 0], "texture": "#0"}
			}
		},
		{
			"from": [12.58639, 8.05678, 4.75],
			"to": [16.88639, 9.05678, 4.75],
			"rotation": {"angle": -22.5, "axis": "z", "origin": [14.73639, 8.55678, 4.75]},
			"faces": {
				"north": {"uv": [1, 7, 2.125, 7.25], "texture": "#0"},
				"east": {"uv": [0, 0, 0, 0.25], "texture": "#0"},
				"south": {"uv": [2.25, 7, 3.375, 7.25], "texture": "#0"},
				"west": {"uv": [0, 0, 0, 0.25], "texture": "#0"},
				"up": {"uv": [1.125, 0, 0, 0], "texture": "#0"},
				"down": {"uv": [1.125, 0, 0, 0], "texture": "#0"}
			}
		},
		{
			"from": [11.98639, 8.75678, 5.35],
			"to": [11.98639, 9.75678, 9.65],
			"rotation": {"angle": -22.5, "axis": "z", "origin": [11.98639, 9.25678, 7.5]},
			"faces": {
				"north": {"uv": [0, 0, 0, 0.25], "texture": "#0"},
				"east": {"uv": [7, 3, 8.125, 3.25], "texture": "#0"},
				"south": {"uv": [0, 0, 0, 0.25], "texture": "#0"},
				"west": {"uv": [7, 3.25, 8.125, 3.5], "texture": "#0"},
				"up": {"uv": [0, 1.125, 0, 0], "texture": "#0"},
				"down": {"uv": [0, 0, 0, 1.125], "texture": "#0"}
			}
		},
		{
			"from": [11.69938, 8.06388, 6.1],
			"to": [11.69938, 8.81388, 8.9],
			"rotation": {"angle": -22.5, "axis": "z", "origin": [11.69938, 8.56388, 7.5]},
			"faces": {
				"north": {"uv": [0, 0, 0, 0.25], "texture": "#0"},
				"east": {"uv": [7.25, 0.25, 8, 0.5], "texture": "#0"},
				"south": {"uv": [0, 0, 0, 0.25], "texture": "#0"},
				"west": {"uv": [7.25, 0.5, 8, 0.75], "texture": "#0"},
				"up": {"uv": [0, 0.75, 0, 0], "texture": "#0"},
				"down": {"uv": [0, 0, 0, 0.75], "texture": "#0"}
			}
		},
		{
			"from": [12.58639, 8.05678, 10.25],
			"to": [16.88639, 9.05678, 10.25],
			"rotation": {"angle": -22.5, "axis": "z", "origin": [14.73639, 8.55678, 10.25]},
			"faces": {
				"north": {"uv": [3.5, 7, 4.625, 7.25], "texture": "#0"},
				"east": {"uv": [0, 0, 0, 0.25], "texture": "#0"},
				"south": {"uv": [7, 3.5, 8.125, 3.75], "texture": "#0"},
				"west": {"uv": [0, 0, 0, 0.25], "texture": "#0"},
				"up": {"uv": [1.125, 0, 0, 0], "texture": "#0"},
				"down": {"uv": [1.125, 0, 0, 0], "texture": "#0"}
			}
		},
		{
			"from": [14.31908, 10.63066, 10.25],
			"to": [17.11908, 11.38066, 10.25],
			"rotation": {"angle": -22.5, "axis": "z", "origin": [15.71908, 11.13066, 10.25]},
			"faces": {
				"north": {"uv": [0.75, 7.25, 1.5, 7.5], "texture": "#0"},
				"east": {"uv": [0, 0, 0, 0.25], "texture": "#0"},
				"south": {"uv": [7.25, 0.75, 8, 1], "texture": "#0"},
				"west": {"uv": [0, 0, 0, 0.25], "texture": "#0"},
				"up": {"uv": [0.75, 0, 0, 0], "texture": "#0"},
				"down": {"uv": [0.75, 0, 0, 0], "texture": "#0"}
			}
		},
		{
			"from": [-0.50133, 4.29224, 10.25],
			"to": [3.29867, 4.79224, 10.25],
			"rotation": {"angle": 22.5, "axis": "z", "origin": [1.29867, 6.04224, 13.75]},
			"faces": {
				"north": {"uv": [1.5, 7.25, 2.5, 7.375], "texture": "#0"},
				"east": {"uv": [0, 0, 0, 0.125], "texture": "#0"},
				"south": {"uv": [7.25, 1.5, 8.25, 1.625], "texture": "#0"},
				"west": {"uv": [0, 0, 0, 0.125], "texture": "#0"},
				"up": {"uv": [1, 0, 0, 0], "texture": "#0"},
				"down": {"uv": [1, 0, 0, 0], "texture": "#0"}
			}
		},
		{
			"from": [0.05733, 4.75418, 10.25],
			"to": [2.35733, 5.25418, 10.25],
			"rotation": {"angle": 22.5, "axis": "z", "origin": [1.10733, 6.50418, 13.75]},
			"faces": {
				"north": {"uv": [3.5, 7.25, 4.125, 7.375], "texture": "#0"},
				"east": {"uv": [0, 0, 0, 0.125], "texture": "#0"},
				"south": {"uv": [4.25, 7.25, 4.875, 7.375], "texture": "#0"},
				"west": {"uv": [0, 0, 0, 0.125], "texture": "#0"},
				"up": {"uv": [0.625, 0, 0, 0], "texture": "#0"},
				"down": {"uv": [0.625, 0, 0, 0], "texture": "#0"}
			}
		},
		{
			"from": [4.31508, 5.39469, 5.8],
			"to": [4.31508, 5.89469, 9.6],
			"rotation": {"angle": 22.5, "axis": "z", "origin": [4.31508, 5.64469, 7.7]},
			"faces": {
				"north": {"uv": [0, 0, 0, 0.125], "texture": "#0"},
				"east": {"uv": [7.25, 1.75, 8.25, 1.875], "texture": "#0"},
				"south": {"uv": [0, 0, 0, 0.125], "texture": "#0"},
				"west": {"uv": [7.25, 2, 8.25, 2.125], "texture": "#0"},
				"up": {"uv": [0, 1, 0, 0], "texture": "#0"},
				"down": {"uv": [0, 0, 0, 1], "texture": "#0"}
			}
		},
		{
			"from": [4.12374, 5.85663, 6.55],
			"to": [4.12374, 6.35663, 8.85],
			"rotation": {"angle": 22.5, "axis": "z", "origin": [4.12374, 6.10663, 7.7]},
			"faces": {
				"north": {"uv": [0, 0, 0, 0.125], "texture": "#0"},
				"east": {"uv": [5, 7.25, 5.625, 7.375], "texture": "#0"},
				"south": {"uv": [0, 0, 0, 0.125], "texture": "#0"},
				"west": {"uv": [5.75, 7.25, 6.375, 7.375], "texture": "#0"},
				"up": {"uv": [0, 0.625, 0, 0], "texture": "#0"},
				"down": {"uv": [0, 0, 0, 0.625], "texture": "#0"}
			}
		},
		{
			"from": [-0.67626, 3.95663, 6.55],
			"to": [-0.67626, 4.45663, 8.85],
			"rotation": {"angle": 22.5, "axis": "z", "origin": [-0.67626, 4.20663, 7.7]},
			"faces": {
				"north": {"uv": [0, 0, 0, 0.125], "texture": "#0"},
				"east": {"uv": [7.25, 6, 7.875, 6.125], "texture": "#0"},
				"south": {"uv": [0, 0, 0, 0.125], "texture": "#0"},
				"west": {"uv": [7.25, 6.25, 7.875, 6.375], "texture": "#0"},
				"up": {"uv": [0, 0.625, 0, 0], "texture": "#0"},
				"down": {"uv": [0, 0, 0, 0.625], "texture": "#0"}
			}
		},
		{
			"from": [-0.48492, 3.49469, 5.8],
			"to": [-0.48492, 3.99469, 9.6],
			"rotation": {"angle": 22.5, "axis": "z", "origin": [-0.48492, 3.74469, 7.7]},
			"faces": {
				"north": {"uv": [0, 0, 0, 0.125], "texture": "#0"},
				"east": {"uv": [7.25, 2.25, 8.25, 2.375], "texture": "#0"},
				"south": {"uv": [0, 0, 0, 0.125], "texture": "#0"},
				"west": {"uv": [2.5, 7.25, 3.5, 7.375], "texture": "#0"},
				"up": {"uv": [0, 1, 0, 0], "texture": "#0"},
				"down": {"uv": [0, 0, 0, 1], "texture": "#0"}
			}
		}
	],
	"display": {
		"thirdperson_righthand": {
			"rotation": [1.52, 19.82, -8.6],
			"translation": [0.5, 1.75, 1],
			"scale": [0.7, 0.7, 0.7]
		},
		"thirdperson_lefthand": {
			"rotation": [1.52, 19.82, -8.6],
			"translation": [0.5, 1.75, 1],
			"scale": [0.7, 0.7, 0.7]
		},
		"firstperson_righthand": {
			"rotation": [173.77, 26.04, -166.06],
			"translation": [0.75, 5, 2],
			"scale": [0.7, 0.7, 0.7]
		},
		"firstperson_lefthand": {
			"rotation": [174.71, 30.99, 160.59],
			"translation": [-2, 4.5, -1.5],
			"scale": [0.7, 0.7, 0.7]
		},
		"ground": {
			"rotation": [56.64, -1.72, -3.23],
			"translation": [0, 0.25, 0],
			"scale": [0.8, 0.8, 0.8]
		},
		"gui": {
			"rotation": [-173.5, 0, 166.75],
			"translation": [-0.25, 1.25, 0],
			"scale": [0.9, 0.9, 0.9]
		},
		"head": {
			"translation": [0.75, 13.25, -2.75],
			"scale": [1.14102, 1.21523, 1.16445]
		},
		"fixed": {
			"rotation": [-6.5, 0, -14],
			"translation": [0, 3.75, -1.75],
			"scale": [1.1, 1.1, 1.1]
		}
	}
}