{
	"credit": "Made with Blockbench",
	"texture_size": [32, 32],
	"textures": {
		"0": "block/custom/shiny/goomyhat_shiny",
		"particle": "block/custom/goomyhat"
	},
	"elements": [
		{
			"from": [6.15, 0, 7.25],
			"to": [9.85, 2.85, 11],
			"rotation": {"angle": 0, "axis": "y", "origin": [7, 1, 8]},
			"faces": {
				"north": {"uv": [5.5, 0, 7.25, 1.375], "texture": "#0"},
				"east": {"uv": [5.5, 1.5, 7.25, 2.875], "texture": "#0"},
				"south": {"uv": [5.5, 3, 7.25, 4.375], "texture": "#0"},
				"west": {"uv": [0, 6, 1.75, 7.375], "texture": "#0"},
				"up": {"uv": [4.75, 6.75, 3, 5], "texture": "#0"},
				"down": {"uv": [6.75, 5, 5, 6.75], "texture": "#0"}
			}
		},
		{
			"from": [9, 2.85, 7.5],
			"to": [9.25, 3.35, 7.75],
			"rotation": {"angle": 0, "axis": "x", "origin": [6.5, 3.85, 8.25]},
			"faces": {
				"north": {"uv": [6.5, 8.5, 6.625, 8.75], "texture": "#0"},
				"east": {"uv": [8.5, 7.5, 8.625, 7.75], "texture": "#0"},
				"south": {"uv": [8, 8.5, 8.125, 8.75], "texture": "#0"},
				"west": {"uv": [8.5, 8.5, 8.625, 8.75], "texture": "#0"},
				"up": {"uv": [9.125, 3.125, 9, 3], "texture": "#0"},
				"down": {"uv": [3.625, 9, 3.5, 9.125], "texture": "#0"}
			}
		},
		{
			"from": [9, 2.85, 8.75],
			"to": [9.25, 3.85, 9],
			"rotation": {"angle": 0, "axis": "x", "origin": [6.5, 3.85, 9.5]},
			"faces": {
				"north": {"uv": [0.5, 8.5, 0.625, 9], "texture": "#0"},
				"east": {"uv": [8.5, 1, 8.625, 1.5], "texture": "#0"},
				"south": {"uv": [8.5, 1.5, 8.625, 2], "texture": "#0"},
				"west": {"uv": [2, 8.5, 2.125, 9], "texture": "#0"},
				"up": {"uv": [9.125, 3.625, 9, 3.5], "texture": "#0"},
				"down": {"uv": [4.125, 9, 4, 9.125], "texture": "#0"}
			}
		},
		{
			"from": [9, 3.77362, 8.88399],
			"to": [9.25, 4.52362, 9.13399],
			"rotation": {"angle": 22.5, "axis": "x", "origin": [9.125, 4.14862, 9.00899]},
			"faces": {
				"north": {"uv": [8.5, 3, 8.625, 3.375], "texture": "#0"},
				"east": {"uv": [3.5, 8.5, 3.625, 8.875], "texture": "#0"},
				"south": {"uv": [8.5, 3.5, 8.625, 3.875], "texture": "#0"},
				"west": {"uv": [8.5, 4, 8.625, 4.375], "texture": "#0"},
				"up": {"uv": [9.125, 4.125, 9, 4], "texture": "#0"},
				"down": {"uv": [4.625, 9, 4.5, 9.125], "texture": "#0"}
			}
		},
		{
			"from": [6.75, 2.85, 8.75],
			"to": [7, 3.85, 9],
			"rotation": {"angle": 0, "axis": "x", "origin": [4.25, 3.85, 9.5]},
			"faces": {
				"north": {"uv": [8.5, 2, 8.625, 2.5], "texture": "#0"},
				"east": {"uv": [2.5, 8.5, 2.625, 9], "texture": "#0"},
				"south": {"uv": [8.5, 2.5, 8.625, 3], "texture": "#0"},
				"west": {"uv": [3, 8.5, 3.125, 9], "texture": "#0"},
				"up": {"uv": [9.125, 4.625, 9, 4.5], "texture": "#0"},
				"down": {"uv": [5.125, 9, 5, 9.125], "texture": "#0"}
			}
		},
		{
			"from": [6.75, 3.77362, 8.88399],
			"to": [7, 4.52362, 9.13399],
			"rotation": {"angle": 22.5, "axis": "x", "origin": [6.875, 4.14862, 9.00899]},
			"faces": {
				"north": {"uv": [8.5, 4.5, 8.625, 4.875], "texture": "#0"},
				"east": {"uv": [5, 8.5, 5.125, 8.875], "texture": "#0"},
				"south": {"uv": [5.5, 8.5, 5.625, 8.875], "texture": "#0"},
				"west": {"uv": [6, 8.5, 6.125, 8.875], "texture": "#0"},
				"up": {"uv": [5.625, 9.125, 5.5, 9], "texture": "#0"},
				"down": {"uv": [6.125, 9, 6, 9.125], "texture": "#0"}
			}
		},
		{
			"from": [6.75, 3.28313, 7.58616],
			"to": [7, 3.78313, 7.83616],
			"rotation": {"angle": 22.5, "axis": "x", "origin": [6.875, 3.53313, 7.71116]},
			"faces": {
				"north": {"uv": [9, 0, 9.125, 0.25], "texture": "#0"},
				"east": {"uv": [0.5, 9, 0.625, 9.25], "texture": "#0"},
				"south": {"uv": [9, 0.5, 9.125, 0.75], "texture": "#0"},
				"west": {"uv": [1, 9, 1.125, 9.25], "texture": "#0"},
				"up": {"uv": [6.625, 9.125, 6.5, 9], "texture": "#0"},
				"down": {"uv": [7.125, 9, 7, 9.125], "texture": "#0"}
			}
		},
		{
			"from": [6.75, 2.85, 7.5],
			"to": [7, 3.35, 7.75],
			"rotation": {"angle": 0, "axis": "x", "origin": [4.25, 3.85, 8.25]},
			"faces": {
				"north": {"uv": [9, 1, 9.125, 1.25], "texture": "#0"},
				"east": {"uv": [1.5, 9, 1.625, 9.25], "texture": "#0"},
				"south": {"uv": [9, 1.5, 9.125, 1.75], "texture": "#0"},
				"west": {"uv": [2, 9, 2.125, 9.25], "texture": "#0"},
				"up": {"uv": [9.125, 7.125, 9, 7], "texture": "#0"},
				"down": {"uv": [7.625, 9, 7.5, 9.125], "texture": "#0"}
			}
		},
		{
			"from": [9, 3.28313, 7.58616],
			"to": [9.25, 3.78313, 7.83616],
			"rotation": {"angle": 22.5, "axis": "x", "origin": [9.125, 3.53313, 7.71116]},
			"faces": {
				"north": {"uv": [9, 2, 9.125, 2.25], "texture": "#0"},
				"east": {"uv": [2.5, 9, 2.625, 9.25], "texture": "#0"},
				"south": {"uv": [9, 2.5, 9.125, 2.75], "texture": "#0"},
				"west": {"uv": [3, 9, 3.125, 9.25], "texture": "#0"},
				"up": {"uv": [9.125, 7.625, 9, 7.5], "texture": "#0"},
				"down": {"uv": [8.125, 9, 8, 9.125], "texture": "#0"}
			}
		},
		{
			"from": [5.25, 0, 6.25],
			"to": [10.75, 0.1, 11.75],
			"rotation": {"angle": 0, "axis": "y", "origin": [7, 0, 8]},
			"faces": {
				"north": {"uv": [5.5, 4.5, 8.25, 4.625], "texture": "#0"},
				"east": {"uv": [2, 7, 4.75, 7.125], "texture": "#0"},
				"south": {"uv": [5, 7, 7.75, 7.125], "texture": "#0"},
				"west": {"uv": [7, 5, 9.75, 5.125], "texture": "#0"},
				"up": {"uv": [2.75, 2.75, 0, 0], "texture": "#0"},
				"down": {"uv": [2.75, 3, 0, 5.75], "texture": "#0"}
			}
		},
		{
			"from": [5.5, 0.1, 6.5],
			"to": [10.5, 0.45, 11.5],
			"rotation": {"angle": 0, "axis": "y", "origin": [7, 0.1, 8]},
			"faces": {
				"north": {"uv": [7, 5.5, 9.5, 5.625], "texture": "#0"},
				"east": {"uv": [7, 6, 9.5, 6.125], "texture": "#0"},
				"south": {"uv": [7, 6.5, 9.5, 6.625], "texture": "#0"},
				"west": {"uv": [0, 7.5, 2.5, 7.625], "texture": "#0"},
				"up": {"uv": [5.5, 2.5, 3, 0], "texture": "#0"},
				"down": {"uv": [5.5, 2.5, 3, 5], "texture": "#0"}
			}
		},
		{
			"from": [8.5, 0, 6],
			"to": [10.25, 0.1, 6.25],
			"rotation": {"angle": 0, "axis": "y", "origin": [7, 0, 2.5]},
			"faces": {
				"north": {"uv": [2, 6, 2.875, 6.125], "texture": "#0"},
				"east": {"uv": [9, 8, 9.125, 8.125], "texture": "#0"},
				"south": {"uv": [2, 6.5, 2.875, 6.625], "texture": "#0"},
				"west": {"uv": [8.5, 9, 8.625, 9.125], "texture": "#0"},
				"up": {"uv": [8.375, 0.125, 7.5, 0], "texture": "#0"},
				"down": {"uv": [8.375, 0.5, 7.5, 0.625], "texture": "#0"}
			}
		},
		{
			"from": [5.75, 0, 6],
			"to": [7.5, 0.1, 6.25],
			"rotation": {"angle": 0, "axis": "y", "origin": [4.25, 0, 2.5]},
			"faces": {
				"north": {"uv": [7.5, 1, 8.375, 1.125], "texture": "#0"},
				"east": {"uv": [9, 8.5, 9.125, 8.625], "texture": "#0"},
				"south": {"uv": [7.5, 1.5, 8.375, 1.625], "texture": "#0"},
				"west": {"uv": [9, 9, 9.125, 9.125], "texture": "#0"},
				"up": {"uv": [8.375, 2.125, 7.5, 2], "texture": "#0"},
				"down": {"uv": [3.375, 7.5, 2.5, 7.625], "texture": "#0"}
			}
		},
		{
			"from": [8.5, 0, 11.75],
			"to": [10.25, 0.1, 12],
			"rotation": {"angle": 0, "axis": "y", "origin": [7, 0, 8.25]},
			"faces": {
				"north": {"uv": [7.5, 2.5, 8.375, 2.625], "texture": "#0"},
				"east": {"uv": [0, 9.5, 0.125, 9.625], "texture": "#0"},
				"south": {"uv": [7.5, 3, 8.375, 3.125], "texture": "#0"},
				"west": {"uv": [9.5, 0, 9.625, 0.125], "texture": "#0"},
				"up": {"uv": [4.375, 7.625, 3.5, 7.5], "texture": "#0"},
				"down": {"uv": [8.375, 3.5, 7.5, 3.625], "texture": "#0"}
			}
		},
		{
			"from": [5.75, 0, 11.75],
			"to": [7.5, 0.1, 12],
			"rotation": {"angle": 0, "axis": "y", "origin": [4.25, 0, 8.25]},
			"faces": {
				"north": {"uv": [7.5, 4, 8.375, 4.125], "texture": "#0"},
				"east": {"uv": [0.5, 9.5, 0.625, 9.625], "texture": "#0"},
				"south": {"uv": [4.5, 7.5, 5.375, 7.625], "texture": "#0"},
				"west": {"uv": [9.5, 0.5, 9.625, 0.625], "texture": "#0"},
				"up": {"uv": [6.375, 7.625, 5.5, 7.5], "texture": "#0"},
				"down": {"uv": [7.375, 7.5, 6.5, 7.625], "texture": "#0"}
			}
		},
		{
			"from": [10.75, 0, 9.5],
			"to": [11, 0.1, 11.25],
			"rotation": {"angle": 0, "axis": "y", "origin": [12.5, 0, 8]},
			"faces": {
				"north": {"uv": [1, 9.5, 1.125, 9.625], "texture": "#0"},
				"east": {"uv": [7.5, 7.5, 8.375, 7.625], "texture": "#0"},
				"south": {"uv": [9.5, 1, 9.625, 1.125], "texture": "#0"},
				"west": {"uv": [0, 8, 0.875, 8.125], "texture": "#0"},
				"up": {"uv": [1.125, 8.875, 1, 8], "texture": "#0"},
				"down": {"uv": [1.625, 8, 1.5, 8.875], "texture": "#0"}
			}
		},
		{
			"from": [10.75, 0, 6.75],
			"to": [11, 0.1, 8.5],
			"rotation": {"angle": 0, "axis": "y", "origin": [12.5, 0, 5.25]},
			"faces": {
				"north": {"uv": [1.5, 9.5, 1.625, 9.625], "texture": "#0"},
				"east": {"uv": [2, 8, 2.875, 8.125], "texture": "#0"},
				"south": {"uv": [9.5, 1.5, 9.625, 1.625], "texture": "#0"},
				"west": {"uv": [3, 8, 3.875, 8.125], "texture": "#0"},
				"up": {"uv": [4.125, 8.875, 4, 8], "texture": "#0"},
				"down": {"uv": [4.625, 8, 4.5, 8.875], "texture": "#0"}
			}
		},
		{
			"from": [5, 0, 9.5],
			"to": [5.25, 0.1, 11.25],
			"rotation": {"angle": 0, "axis": "y", "origin": [6.75, 0, 8]},
			"faces": {
				"north": {"uv": [2, 9.5, 2.125, 9.625], "texture": "#0"},
				"east": {"uv": [5, 8, 5.875, 8.125], "texture": "#0"},
				"south": {"uv": [9.5, 2, 9.625, 2.125], "texture": "#0"},
				"west": {"uv": [6, 8, 6.875, 8.125], "texture": "#0"},
				"up": {"uv": [7.125, 8.875, 7, 8], "texture": "#0"},
				"down": {"uv": [7.625, 8, 7.5, 8.875], "texture": "#0"}
			}
		},
		{
			"from": [5, 0, 6.75],
			"to": [5.25, 0.1, 8.5],
			"rotation": {"angle": 0, "axis": "y", "origin": [6.75, 0, 5.25]},
			"faces": {
				"north": {"uv": [2.5, 9.5, 2.625, 9.625], "texture": "#0"},
				"east": {"uv": [8, 7, 8.875, 7.125], "texture": "#0"},
				"south": {"uv": [9.5, 2.5, 9.625, 2.625], "texture": "#0"},
				"west": {"uv": [8, 8, 8.875, 8.125], "texture": "#0"},
				"up": {"uv": [0.125, 9.375, 0, 8.5], "texture": "#0"},
				"down": {"uv": [8.625, 0, 8.5, 0.875], "texture": "#0"}
			}
		}
	],
	"display": {
		"thirdperson_righthand": {
			"translation": [0, 7.5, 0]
		},
		"thirdperson_lefthand": {
			"translation": [0, 7.5, 0]
		},
		"firstperson_righthand": {
			"rotation": [-46.25, 13.9, 14.11],
			"translation": [0, 8, -2]
		},
		"firstperson_lefthand": {
			"rotation": [-43.56, 15.02, 13.88],
			"translation": [0, 8, -2.5]
		},
		"ground": {
			"translation": [0, 7.25, 0],
			"scale": [1.39, 1.39, 1.39]
		},
		"gui": {
			"rotation": [-180, -10.25, -180],
			"translation": [0, 10.75, 0],
			"scale": [2, 2, 2]
		},
		"head": {
			"rotation": [4.75, 0, 0],
			"translation": [0, 29, -2.5],
			"scale": [4, 3.59, 4]
		},
		"fixed": {
			"rotation": [-90, 0, 0],
			"translation": [0, -2.5, -24],
			"scale": [3, 3, 3]
		}
	},
	"groups": [
		{
			"name": "group",
			"origin": [8, 8, 8],
			"color": 0,
			"children": [0, 1, 2, 3, 4, 5, 6, 7, 8, 9, 10, 11, 12, 13, 14, 15, 16, 17, 18]
		}
	]
}