{
	"credit": "Made with Blockbench",
	"texture_size": [32, 32],
	"textures": {
		"0": "block/custom/shiny/sylveonears_shiny",
		"particle": "sylveonears"
	},
	"elements": [
		{
			"from": [2.5, 2.25, 7],
			"to": [7, 11.25, 9],
			"rotation": {"angle": 0, "axis": "z", "origin": [5, 10, 8]},
			"faces": {
				"north": {"uv": [0, 0, 2.25, 4], "texture": "#0"},
				"east": {"uv": [5, 0, 6, 4], "texture": "#0"},
				"south": {"uv": [2.5, 0, 4.75, 4], "texture": "#0"},
				"west": {"uv": [5, 4, 6, 8], "texture": "#0"},
				"up": {"uv": [5.25, 9, 3, 8], "texture": "#0"},
				"down": {"uv": [10.25, 6, 8, 7], "texture": "#0"}
			}
		},
		{
			"from": [3.25, 11.25, 7],
			"to": [7, 12.25, 9],
			"rotation": {"angle": 0, "axis": "z", "origin": [5, 10, 8]},
			"faces": {
				"north": {"uv": [9, 11, 11, 11.5], "texture": "#0"},
				"east": {"uv": [5.5, 8, 6.5, 8.5], "texture": "#0"},
				"south": {"uv": [11, 11, 13, 11.5], "texture": "#0"},
				"west": {"uv": [7, 9.5, 8, 10], "texture": "#0"},
				"up": {"uv": [5, 10, 3, 9], "texture": "#0"},
				"down": {"uv": [11, 3, 9, 4], "texture": "#0"}
			}
		},
		{
			"from": [3.25, 12.25, 7],
			"to": [6.25, 14.25, 9],
			"rotation": {"angle": 0, "axis": "z", "origin": [5, 10, 8]},
			"faces": {
				"north": {"uv": [3, 10, 4.5, 11], "texture": "#0"},
				"east": {"uv": [0, 11.5, 1, 12.5], "texture": "#0"},
				"south": {"uv": [7, 10, 8.5, 11], "texture": "#0"},
				"west": {"uv": [11.5, 0, 12.5, 1], "texture": "#0"},
				"up": {"uv": [10, 11, 8.5, 10], "texture": "#0"},
				"down": {"uv": [11.5, 9, 10, 10], "texture": "#0"}
			}
		},
		{
			"from": [4.25, 14.25, 7],
			"to": [6.25, 15.25, 9],
			"rotation": {"angle": 0, "axis": "z", "origin": [5, 10, 8]},
			"faces": {
				"north": {"uv": [12.5, 3.5, 13.5, 4], "texture": "#0"},
				"east": {"uv": [12.5, 4, 13.5, 4.5], "texture": "#0"},
				"south": {"uv": [12.5, 4.5, 13.5, 5], "texture": "#0"},
				"west": {"uv": [12.5, 5, 13.5, 5.5], "texture": "#0"},
				"up": {"uv": [2, 12.5, 1, 11.5], "texture": "#0"},
				"down": {"uv": [12.5, 1, 11.5, 2], "texture": "#0"}
			}
		},
		{
			"from": [11, 0.25, 7],
			"to": [15.5, 9.25, 9],
			"rotation": {"angle": -22.5, "axis": "z", "origin": [13, 8, 8]},
			"faces": {
				"north": {"uv": [0, 4, 2.25, 8], "texture": "#0"},
				"east": {"uv": [6, 0, 7, 4], "texture": "#0"},
				"south": {"uv": [2.5, 4, 4.75, 8], "texture": "#0"},
				"west": {"uv": [6, 4, 7, 8], "texture": "#0"},
				"up": {"uv": [10.25, 8, 8, 7], "texture": "#0"},
				"down": {"uv": [10.25, 8, 8, 9], "texture": "#0"}
			}
		},
		{
			"from": [11, 9.25, 7],
			"to": [14.75, 10.25, 9],
			"rotation": {"angle": -22.5, "axis": "z", "origin": [13, 8, 8]},
			"faces": {
				"north": {"uv": [11.5, 2, 13.5, 2.5], "texture": "#0"},
				"east": {"uv": [12.5, 5.5, 13.5, 6], "texture": "#0"},
				"south": {"uv": [11.5, 2.5, 13.5, 3], "texture": "#0"},
				"west": {"uv": [12.5, 6, 13.5, 6.5], "texture": "#0"},
				"up": {"uv": [11, 5, 9, 4], "texture": "#0"},
				"down": {"uv": [11, 5, 9, 6], "texture": "#0"}
			}
		},
		{
			"from": [11.75, 10.25, 7],
			"to": [14.75, 12.25, 9],
			"rotation": {"angle": -22.5, "axis": "z", "origin": [13, 8, 8]},
			"faces": {
				"north": {"uv": [10, 10, 11.5, 11], "texture": "#0"},
				"east": {"uv": [2, 11.5, 3, 12.5], "texture": "#0"},
				"south": {"uv": [0, 10.5, 1.5, 11.5], "texture": "#0"},
				"west": {"uv": [4, 11.5, 5, 12.5], "texture": "#0"},
				"up": {"uv": [3, 11.5, 1.5, 10.5], "texture": "#0"},
				"down": {"uv": [6, 10.5, 4.5, 11.5], "texture": "#0"}
			}
		},
		{
			"from": [11.75, 12.25, 7],
			"to": [13.75, 13.25, 9],
			"rotation": {"angle": -22.5, "axis": "z", "origin": [13, 8, 8]},
			"faces": {
				"north": {"uv": [12.5, 6.5, 13.5, 7], "texture": "#0"},
				"east": {"uv": [7, 12.5, 8, 13], "texture": "#0"},
				"south": {"uv": [12.5, 7, 13.5, 7.5], "texture": "#0"},
				"west": {"uv": [12.5, 7.5, 13.5, 8], "texture": "#0"},
				"up": {"uv": [6, 12.5, 5, 11.5], "texture": "#0"},
				"down": {"uv": [12.5, 6, 11.5, 7], "texture": "#0"}
			}
		},
		{
			"from": [6, 4, 5],
			"to": [7, 7, 7],
			"rotation": {"angle": 0, "axis": "y", "origin": [5, 5, 5]},
			"faces": {
				"north": {"uv": [11.5, 11.5, 12, 13], "texture": "#0"},
				"east": {"uv": [6, 10.5, 7, 12], "texture": "#0"},
				"south": {"uv": [12, 3, 12.5, 4.5], "texture": "#0"},
				"west": {"uv": [10.5, 6, 11.5, 7.5], "texture": "#0"},
				"up": {"uv": [8.5, 13.5, 8, 12.5], "texture": "#0"},
				"down": {"uv": [13, 8, 12.5, 9], "texture": "#0"}
			}
		},
		{
			"from": [3, 4, 5],
			"to": [4, 7, 7],
			"rotation": {"angle": 0, "axis": "y", "origin": [2, 5, 5]},
			"faces": {
				"north": {"uv": [12, 4.5, 12.5, 6], "texture": "#0"},
				"east": {"uv": [10.5, 7.5, 11.5, 9], "texture": "#0"},
				"south": {"uv": [6, 12, 6.5, 13.5], "texture": "#0"},
				"west": {"uv": [3, 11, 4, 12.5], "texture": "#0"},
				"up": {"uv": [9, 13.5, 8.5, 12.5], "texture": "#0"},
				"down": {"uv": [9.5, 12.5, 9, 13.5], "texture": "#0"}
			}
		},
		{
			"from": [4, 3, 5],
			"to": [6, 6, 7],
			"rotation": {"angle": 0, "axis": "y", "origin": [4, 5, 5]},
			"faces": {
				"north": {"uv": [11, 3, 12, 4.5], "texture": "#0"},
				"east": {"uv": [11, 4.5, 12, 6], "texture": "#0"},
				"south": {"uv": [7, 11, 8, 12.5], "texture": "#0"},
				"west": {"uv": [8, 11, 9, 12.5], "texture": "#0"},
				"up": {"uv": [12.5, 8, 11.5, 7], "texture": "#0"},
				"down": {"uv": [12.5, 8, 11.5, 9], "texture": "#0"}
			}
		},
		{
			"from": [1, 3, 5.25],
			"to": [3, 8, 5.5],
			"rotation": {"angle": 0, "axis": "y", "origin": [1, 5, 5.25]},
			"faces": {
				"north": {"uv": [7, 6, 8, 8.5], "texture": "#0"},
				"east": {"uv": [6.5, 12, 6.75, 14.5], "texture": "#0"},
				"south": {"uv": [0, 8, 1, 10.5], "texture": "#0"},
				"west": {"uv": [1, 12.5, 1.25, 15], "texture": "#0"},
				"up": {"uv": [1, 13.75, 0, 13.5], "texture": "#0"},
				"down": {"uv": [14.5, 0, 13.5, 0.25], "texture": "#0"}
			}
		},
		{
			"from": [-0.87604, 3.35, 5.62317],
			"to": [1.12396, 5, 5.87317],
			"rotation": {"angle": 22.5, "axis": "y", "origin": [0.12396, 4.125, 5.74817]},
			"faces": {
				"north": {"uv": [12, 11.5, 13, 12.25], "texture": "#0"},
				"east": {"uv": [10.5, 13.5, 10.75, 14.25], "texture": "#0"},
				"south": {"uv": [0, 12.5, 1, 13.25], "texture": "#0"},
				"west": {"uv": [13.5, 11, 13.75, 11.75], "texture": "#0"},
				"up": {"uv": [14.5, 0.75, 13.5, 0.5], "texture": "#0"},
				"down": {"uv": [14.5, 1, 13.5, 1.25], "texture": "#0"}
			}
		},
		{
			"from": [-1.23996, 3.1, 5.98708],
			"to": [-0.98996, 5.25, 9.23708],
			"rotation": {"angle": -22.5, "axis": "y", "origin": [-1.11496, 4.125, 6.98708]},
			"faces": {
				"north": {"uv": [13.5, 1.5, 13.75, 2.5], "texture": "#0"},
				"east": {"uv": [8, 9, 9.75, 10], "texture": "#0"},
				"south": {"uv": [13.5, 3.5, 13.75, 4.5], "texture": "#0"},
				"west": {"uv": [5, 9.5, 6.75, 10.5], "texture": "#0"},
				"up": {"uv": [11.25, 14.25, 11, 12.5], "texture": "#0"},
				"down": {"uv": [12.25, 12.5, 12, 14.25], "texture": "#0"}
			}
		},
		{
			"from": [-2.09148, 3.1, 9.01798],
			"to": [-1.84148, 5.25, 13.26798],
			"rotation": {"angle": 0, "axis": "y", "origin": [-1.96648, 4.175, 10.51798]},
			"faces": {
				"north": {"uv": [13.5, 4.5, 13.75, 5.5], "texture": "#0"},
				"east": {"uv": [5.5, 8.5, 7.75, 9.5], "texture": "#0"},
				"south": {"uv": [13.5, 5.5, 13.75, 6.5], "texture": "#0"},
				"west": {"uv": [9, 0, 11.25, 1], "texture": "#0"},
				"up": {"uv": [2.75, 14.75, 2.5, 12.5], "texture": "#0"},
				"down": {"uv": [3.25, 12.5, 3, 14.75], "texture": "#0"}
			}
		},
		{
			"from": [-2.09148, 2.6, 13.26798],
			"to": [-1.84148, 5.75, 16.76798],
			"rotation": {"angle": 0, "axis": "y", "origin": [-1.96648, 4.175, 15.01798]},
			"faces": {
				"north": {"uv": [5, 13, 5.25, 14.5], "texture": "#0"},
				"east": {"uv": [7, 0, 8.75, 1.5], "texture": "#0"},
				"south": {"uv": [5.5, 13, 5.75, 14.5], "texture": "#0"},
				"west": {"uv": [7, 1.5, 8.75, 3], "texture": "#0"},
				"up": {"uv": [12.75, 14.25, 12.5, 12.5], "texture": "#0"},
				"down": {"uv": [3.75, 13, 3.5, 14.75], "texture": "#0"}
			}
		},
		{
			"from": [-2.09148, 4.85, 16.76798],
			"to": [-1.84148, 5.75, 17.76798],
			"rotation": {"angle": 0, "axis": "y", "origin": [-1.96648, 4.175, 16.01798]},
			"faces": {
				"north": {"uv": [14, 8.5, 14.25, 9], "texture": "#0"},
				"east": {"uv": [7, 13, 7.75, 13.5], "texture": "#0"},
				"south": {"uv": [14, 9, 14.25, 9.5], "texture": "#0"},
				"west": {"uv": [13, 8, 13.75, 8.5], "texture": "#0"},
				"up": {"uv": [13.25, 14.25, 13, 13.5], "texture": "#0"},
				"down": {"uv": [13.75, 13.5, 13.5, 14.25], "texture": "#0"}
			}
		},
		{
			"from": [-2.09148, 2.6, 16.76798],
			"to": [-1.84148, 4, 17.76798],
			"rotation": {"angle": 0, "axis": "y", "origin": [-1.96648, 1.925, 16.01798]},
			"faces": {
				"north": {"uv": [0, 14, 0.25, 14.75], "texture": "#0"},
				"east": {"uv": [12.5, 0, 13.25, 0.75], "texture": "#0"},
				"south": {"uv": [0.5, 14, 0.75, 14.75], "texture": "#0"},
				"west": {"uv": [12.5, 1, 13.25, 1.75], "texture": "#0"},
				"up": {"uv": [14.25, 2.25, 14, 1.5], "texture": "#0"},
				"down": {"uv": [14.25, 3.5, 14, 4.25], "texture": "#0"}
			}
		},
		{
			"from": [3, 2, 5.25],
			"to": [4, 4, 5.5],
			"rotation": {"angle": 0, "axis": "y", "origin": [2, 5, 5.25]},
			"faces": {
				"north": {"uv": [12.5, 9, 13, 10], "texture": "#0"},
				"east": {"uv": [6, 13.5, 6.25, 14.5], "texture": "#0"},
				"south": {"uv": [9.5, 12.5, 10, 13.5], "texture": "#0"},
				"west": {"uv": [13.5, 6.5, 13.75, 7.5], "texture": "#0"},
				"up": {"uv": [14.5, 9.75, 14, 9.5], "texture": "#0"},
				"down": {"uv": [14.5, 11, 14, 11.25], "texture": "#0"}
			}
		},
		{
			"from": [2, 2, 5.25],
			"to": [3, 3, 5.5],
			"rotation": {"angle": 0, "axis": "y", "origin": [1, 5, 5.25]},
			"faces": {
				"north": {"uv": [4.5, 10, 5, 10.5], "texture": "#0"},
				"east": {"uv": [11.5, 14, 11.75, 14.5], "texture": "#0"},
				"south": {"uv": [4, 11, 4.5, 11.5], "texture": "#0"},
				"west": {"uv": [14, 11.5, 14.25, 12], "texture": "#0"},
				"up": {"uv": [14.5, 12.25, 14, 12], "texture": "#0"},
				"down": {"uv": [14.5, 13.5, 14, 13.75], "texture": "#0"}
			}
		},
		{
			"from": [7, 3, 5.25],
			"to": [9, 8, 5.5],
			"rotation": {"angle": 0, "axis": "y", "origin": [9, 5, 5.25]},
			"faces": {
				"north": {"uv": [1, 8, 2, 10.5], "texture": "#0"},
				"east": {"uv": [1.5, 12.5, 1.75, 15], "texture": "#0"},
				"south": {"uv": [2, 8, 3, 10.5], "texture": "#0"},
				"west": {"uv": [2, 12.5, 2.25, 15], "texture": "#0"},
				"up": {"uv": [14.5, 2.75, 13.5, 2.5], "texture": "#0"},
				"down": {"uv": [8, 13.5, 7, 13.75], "texture": "#0"}
			}
		},
		{
			"from": [6, 2, 5.25],
			"to": [7, 4, 5.5],
			"rotation": {"angle": 0, "axis": "y", "origin": [8, 5, 5.25]},
			"faces": {
				"north": {"uv": [10, 12.5, 10.5, 13.5], "texture": "#0"},
				"east": {"uv": [8, 13.5, 8.25, 14.5], "texture": "#0"},
				"south": {"uv": [10.5, 12.5, 11, 13.5], "texture": "#0"},
				"west": {"uv": [8.5, 13.5, 8.75, 14.5], "texture": "#0"},
				"up": {"uv": [14.5, 14.25, 14, 14], "texture": "#0"},
				"down": {"uv": [15, 0, 14.5, 0.25], "texture": "#0"}
			}
		},
		{
			"from": [7, 2, 5.25],
			"to": [8, 3, 5.5],
			"rotation": {"angle": 0, "axis": "y", "origin": [9, 5, 5.25]},
			"faces": {
				"north": {"uv": [13.5, 7.5, 14, 8], "texture": "#0"},
				"east": {"uv": [14.5, 0.5, 14.75, 1], "texture": "#0"},
				"south": {"uv": [13.5, 8.5, 14, 9], "texture": "#0"},
				"west": {"uv": [14.5, 1, 14.75, 1.5], "texture": "#0"},
				"up": {"uv": [15, 1.75, 14.5, 1.5], "texture": "#0"},
				"down": {"uv": [15, 2, 14.5, 2.25], "texture": "#0"}
			}
		},
		{
			"from": [8.9622, 3, 4.80997],
			"to": [11.2122, 4.65, 5.05997],
			"rotation": {"angle": 22.5, "axis": "y", "origin": [10.0872, 3.825, 4.93497]},
			"faces": {
				"north": {"uv": [10, 11.5, 11.25, 12.25], "texture": "#0"},
				"east": {"uv": [14, 4.5, 14.25, 5.25], "texture": "#0"},
				"south": {"uv": [11.5, 10, 12.75, 10.75], "texture": "#0"},
				"west": {"uv": [14, 5.5, 14.25, 6.25], "texture": "#0"},
				"up": {"uv": [14.25, 12.75, 13, 12.5], "texture": "#0"},
				"down": {"uv": [14.25, 13, 13, 13.25], "texture": "#0"}
			}
		},
		{
			"from": [10.95477, 2.75, 4.76213],
			"to": [15.20477, 4.9, 5.01213],
			"rotation": {"angle": -22.5, "axis": "y", "origin": [11.95477, 3.775, 4.88713]},
			"faces": {
				"north": {"uv": [9, 1, 11.25, 2], "texture": "#0"},
				"east": {"uv": [9, 13.5, 9.25, 14.5], "texture": "#0"},
				"south": {"uv": [9, 2, 11.25, 3], "texture": "#0"},
				"west": {"uv": [13.5, 9, 13.75, 10], "texture": "#0"},
				"up": {"uv": [14.75, 3.25, 12.5, 3], "texture": "#0"},
				"down": {"uv": [5.75, 12.5, 3.5, 12.75], "texture": "#0"}
			}
		},
		{
			"from": [14.62394, 2.75, 6.68586],
			"to": [16.62394, 4.9, 6.93586],
			"rotation": {"angle": -45, "axis": "y", "origin": [15.62394, 3.825, 6.81086]},
			"faces": {
				"north": {"uv": [9, 11.5, 10, 12.5], "texture": "#0"},
				"east": {"uv": [9.5, 13.5, 9.75, 14.5], "texture": "#0"},
				"south": {"uv": [11.5, 9, 12.5, 10], "texture": "#0"},
				"west": {"uv": [10, 13.5, 10.25, 14.5], "texture": "#0"},
				"up": {"uv": [14.5, 10.25, 13.5, 10], "texture": "#0"},
				"down": {"uv": [14.5, 10.5, 13.5, 10.75], "texture": "#0"}
			}
		},
		{
			"from": [17.20741, 2.75, 7.27284],
			"to": [17.45741, 5.9, 10.52284],
			"rotation": {"angle": 22.5, "axis": "y", "origin": [17.33241, 4.45, 9.96034]},
			"faces": {
				"north": {"uv": [13, 8.5, 13.25, 10], "texture": "#0"},
				"east": {"uv": [7, 3, 8.75, 4.5], "texture": "#0"},
				"south": {"uv": [13, 10, 13.25, 11.5], "texture": "#0"},
				"west": {"uv": [7, 4.5, 8.75, 6], "texture": "#0"},
				"up": {"uv": [4.25, 14.75, 4, 13], "texture": "#0"},
				"down": {"uv": [4.75, 13, 4.5, 14.75], "texture": "#0"}
			}
		},
		{
			"from": [17.20741, 2.75, 10.52284],
			"to": [17.45741, 4.15, 11.52284],
			"rotation": {"angle": 22.5, "axis": "y", "origin": [17.33241, 4.45, 9.96034]},
			"faces": {
				"north": {"uv": [14, 6.5, 14.25, 7.25], "texture": "#0"},
				"east": {"uv": [11.5, 13, 12, 13.75], "texture": "#0"},
				"south": {"uv": [7, 14, 7.25, 14.75], "texture": "#0"},
				"west": {"uv": [13, 11.5, 13.5, 12.25], "texture": "#0"},
				"up": {"uv": [14.75, 3, 14.5, 2.5], "texture": "#0"},
				"down": {"uv": [14.75, 3.5, 14.5, 4], "texture": "#0"}
			}
		},
		{
			"from": [17.20741, 5, 10.52284],
			"to": [17.45741, 5.9, 11.52284],
			"rotation": {"angle": 22.5, "axis": "y", "origin": [17.33241, 4.45, 9.96034]},
			"faces": {
				"north": {"uv": [13.5, 12, 13.75, 12.5], "texture": "#0"},
				"east": {"uv": [6.5, 8, 7, 8.5], "texture": "#0"},
				"south": {"uv": [7.5, 14, 7.75, 14.5], "texture": "#0"},
				"west": {"uv": [5, 9, 5.5, 9.5], "texture": "#0"},
				"up": {"uv": [14.25, 8, 14, 7.5], "texture": "#0"},
				"down": {"uv": [14.25, 8, 14, 8.5], "texture": "#0"}
			}
		}
	],
	"display": {
		"thirdperson_righthand": {
			"rotation": [18.75, 0, 0],
			"translation": [0, 0, 0.75],
			"scale": [0.6, 0.6, 0.6]
		},
		"thirdperson_lefthand": {
			"rotation": [18.75, 0, 0],
			"translation": [0, 0, 0.75],
			"scale": [0.6, 0.6, 0.6]
		},
		"firstperson_righthand": {
			"rotation": [-42.5, 0, 0],
			"translation": [2.5, 3.5, 0],
			"scale": [0.6, 0.6, 0.6]
		},
		"firstperson_lefthand": {
			"rotation": [-42.5, 0, 0],
			"translation": [2.5, 3.5, 0],
			"scale": [0.6, 0.6, 0.6]
		},
		"ground": {
			"rotation": [15, 1.52, 11.42],
			"scale": [0.6, 0.6, 0.6]
		},
		"gui": {
			"rotation": [-171.01, 2.82, 166.6],
			"translation": [-0.5, 0, 0],
			"scale": [0.7, 0.7, 0.7]
		},
		"head": {
			"rotation": [-0.11, 1.36, 9.7],
			"translation": [-0.75, 10.25, -4.5],
			"scale": [1.3, 1.2, 1.2]
		},
		"fixed": {
			"rotation": [-81.5, 0, 0],
			"translation": [0, -0.5, -8.5],
			"scale": [1.2, 1.2, 1.2]
		}
	},
	"groups": [
		{
			"name": "group",
			"origin": [8, 8, 8],
			"color": 0,
			"children": [
				{
					"name": "group",
					"origin": [8, 8, 8],
					"color": 0,
					"children": [0, 1, 2, 3]
				},
				{
					"name": "group",
					"origin": [8, 8, 8],
					"color": 0,
					"children": [4, 5, 6, 7]
				},
				{
					"name": "group",
					"origin": [8, 8, 8],
					"color": 0,
					"children": [8, 9, 10]
				},
				{
					"name": "group",
					"origin": [8, 8, 8],
					"color": 0,
					"children": [
						11,
						12,
						13,
						14,
						15,
						16,
						17,
						18,
						19,
						{
							"name": "group",
							"origin": [8, 8, 8],
							"color": 0,
							"children": [20, 21, 22]
						}
					]
				},
				{
					"name": "group",
					"origin": [17.33241, 4.45, 9.96034],
					"color": 0,
					"children": [23, 24, 25, 26, 27, 28]
				}
			]
		}
	]
}