{
	"credit": "Made with Blockbench",
	"texture_size": [64, 64],
	"textures": {
		"0": "block/custom/shiny/toedscool_shiny",
		"particle": "toedscool"
	},
	"elements": [
		{
			"from": [3, 15, 3],
			"to": [13, 22, 13],
			"rotation": {"angle": 0, "axis": "y", "origin": [7, 13, 7]},
			"faces": {
				"north": {"uv": [2.5, 0, 5, 1.75], "texture": "#0"},
				"east": {"uv": [2.5, 1.75, 5, 3.5], "texture": "#0"},
				"south": {"uv": [2.5, 3.5, 5, 5.25], "texture": "#0"},
				"west": {"uv": [0, 5, 2.5, 6.75], "texture": "#0"},
				"up": {"uv": [2.5, 2.5, 0, 0], "texture": "#0"},
				"down": {"uv": [2.5, 2.5, 0, 5], "texture": "#0"}
			}
		},
		{
			"from": [2.75, 11, 6.75],
			"to": [3.75, 14, 8],
			"rotation": {"angle": 0, "axis": "x", "origin": [3.25, 10.05482, 6.36217]},
			"faces": {
				"north": {"uv": [7.5, 5, 7.75, 5.75], "texture": "#0"},
				"east": {"uv": [3.5, 7, 3.875, 7.75], "texture": "#0"},
				"south": {"uv": [7.5, 7, 7.75, 7.75], "texture": "#0"},
				"west": {"uv": [5, 7, 5.375, 7.75], "texture": "#0"},
				"up": {"uv": [1, 8.375, 0.75, 8], "texture": "#0"},
				"down": {"uv": [1.25, 8, 1, 8.375], "texture": "#0"}
			}
		},
		{
			"from": [2.75, 8.55482, 6.26362],
			"to": [3.75, 11.55482, 7.51362],
			"rotation": {"angle": 22.5, "axis": "x", "origin": [3.25, 10.05482, 6.36217]},
			"faces": {
				"north": {"uv": [7.75, 0, 8, 0.75], "texture": "#0"},
				"east": {"uv": [5.5, 7, 5.875, 7.75], "texture": "#0"},
				"south": {"uv": [7.75, 0.75, 8, 1.5], "texture": "#0"},
				"west": {"uv": [6, 7, 6.375, 7.75], "texture": "#0"},
				"up": {"uv": [8.25, 1.375, 8, 1], "texture": "#0"},
				"down": {"uv": [1.5, 8, 1.25, 8.375], "texture": "#0"}
			}
		},
		{
			"from": [2.75, 5.10964, 6.75],
			"to": [3.75, 9.10964, 8],
			"rotation": {"angle": 45, "axis": "x", "origin": [3.25, 10.05482, 6.36217]},
			"faces": {
				"north": {"uv": [7.75, 1.5, 8, 2.25], "texture": "#0"},
				"east": {"uv": [6.75, 7, 7.125, 7.75], "texture": "#0"},
				"south": {"uv": [7.75, 2.25, 8, 3], "texture": "#0"},
				"west": {"uv": [0.25, 7.25, 0.625, 8], "texture": "#0"},
				"up": {"uv": [1.75, 8.375, 1.5, 8], "texture": "#0"},
				"down": {"uv": [8.25, 1.5, 8, 1.875], "texture": "#0"}
			}
		},
		{
			"from": [12.35, 11, 6.75],
			"to": [13.35, 14, 8],
			"rotation": {"angle": 0, "axis": "x", "origin": [16.35, 7, 6]},
			"faces": {
				"north": {"uv": [7.75, 3, 8, 3.75], "texture": "#0"},
				"east": {"uv": [0.75, 7.25, 1.125, 8], "texture": "#0"},
				"south": {"uv": [3.5, 7.75, 3.75, 8.5], "texture": "#0"},
				"west": {"uv": [1.25, 7.25, 1.625, 8], "texture": "#0"},
				"up": {"uv": [8.25, 2.375, 8, 2], "texture": "#0"},
				"down": {"uv": [2.5, 8, 2.25, 8.375], "texture": "#0"}
			}
		},
		{
			"from": [12.35, 8.39142, 6.03221],
			"to": [13.35, 11.39142, 7.28221],
			"rotation": {"angle": 22.5, "axis": "x", "origin": [12.85, 9.39142, 6.65721]},
			"faces": {
				"north": {"uv": [3.75, 7.75, 4, 8.5], "texture": "#0"},
				"east": {"uv": [7.25, 2, 7.625, 2.75], "texture": "#0"},
				"south": {"uv": [4, 7.75, 4.25, 8.5], "texture": "#0"},
				"west": {"uv": [2.25, 7.25, 2.625, 8], "texture": "#0"},
				"up": {"uv": [2.75, 8.375, 2.5, 8], "texture": "#0"},
				"down": {"uv": [8.25, 2.5, 8, 2.875], "texture": "#0"}
			}
		},
		{
			"from": [12.35, 5.10964, 4.72435],
			"to": [13.35, 9.10964, 5.97435],
			"rotation": {"angle": 45, "axis": "x", "origin": [12.85, 7.60964, 5.34935]},
			"faces": {
				"north": {"uv": [4.25, 7.75, 4.5, 8.5], "texture": "#0"},
				"east": {"uv": [2.75, 7.25, 3.125, 8], "texture": "#0"},
				"south": {"uv": [4.5, 7.75, 4.75, 8.5], "texture": "#0"},
				"west": {"uv": [7.25, 2.75, 7.625, 3.5], "texture": "#0"},
				"up": {"uv": [3, 8.375, 2.75, 8], "texture": "#0"},
				"down": {"uv": [3.25, 8, 3, 8.375], "texture": "#0"}
			}
		},
		{
			"from": [12.35, 13, 3],
			"to": [13.35, 15, 13],
			"rotation": {"angle": 22.5, "axis": "z", "origin": [12.85, 14, 8]},
			"faces": {
				"north": {"uv": [6.75, 7.75, 7, 8.25], "texture": "#0"},
				"east": {"uv": [5, 0, 7.5, 0.5], "texture": "#0"},
				"south": {"uv": [7, 7.75, 7.25, 8.25], "texture": "#0"},
				"west": {"uv": [5, 0.5, 7.5, 1], "texture": "#0"},
				"up": {"uv": [4.25, 7.75, 4, 5.25], "texture": "#0"},
				"down": {"uv": [4.5, 5.25, 4.25, 7.75], "texture": "#0"}
			}
		},
		{
			"from": [12.92403, 12.11418, 5],
			"to": [13.92403, 13.11418, 11],
			"rotation": {"angle": 22.5, "axis": "z", "origin": [13.42403, 12.61418, 8]},
			"faces": {
				"north": {"uv": [2.25, 6.75, 2.5, 7], "texture": "#0"},
				"east": {"uv": [6.5, 6, 8, 6.25], "texture": "#0"},
				"south": {"uv": [1.5, 7, 1.75, 7.25], "texture": "#0"},
				"west": {"uv": [6.5, 6.25, 8, 6.5], "texture": "#0"},
				"up": {"uv": [6.75, 8, 6.5, 6.5], "texture": "#0"},
				"down": {"uv": [0.25, 6.75, 0, 8.25], "texture": "#0"}
			}
		},
		{
			"from": [2.65, 13, 3],
			"to": [3.65, 15, 13],
			"rotation": {"angle": -22.5, "axis": "z", "origin": [3.15, 14, 8]},
			"faces": {
				"north": {"uv": [7.5, 7.75, 7.75, 8.25], "texture": "#0"},
				"east": {"uv": [5, 1, 7.5, 1.5], "texture": "#0"},
				"south": {"uv": [7.75, 7.5, 8, 8], "texture": "#0"},
				"west": {"uv": [5, 1.5, 7.5, 2], "texture": "#0"},
				"up": {"uv": [4.75, 7.75, 4.5, 5.25], "texture": "#0"},
				"down": {"uv": [5, 5.25, 4.75, 7.75], "texture": "#0"}
			}
		},
		{
			"from": [1.65, 12.25, 5],
			"to": [2.65, 13.25, 11],
			"rotation": {"angle": -22.5, "axis": "z", "origin": [2.15, 12.25, 8]},
			"faces": {
				"north": {"uv": [7.25, 3.5, 7.5, 3.75], "texture": "#0"},
				"east": {"uv": [0.25, 6.75, 1.75, 7], "texture": "#0"},
				"south": {"uv": [7.5, 3.5, 7.75, 3.75], "texture": "#0"},
				"west": {"uv": [5, 6.75, 6.5, 7], "texture": "#0"},
				"up": {"uv": [2, 8.25, 1.75, 6.75], "texture": "#0"},
				"down": {"uv": [2.25, 6.75, 2, 8.25], "texture": "#0"}
			}
		},
		{
			"from": [5.5, 12.15224, 1.88463],
			"to": [10.5, 13.15224, 2.88463],
			"rotation": {"angle": 22.5, "axis": "x", "origin": [8, 12.15224, 2.38463]},
			"faces": {
				"north": {"uv": [6.75, 6.5, 8, 6.75], "texture": "#0"},
				"east": {"uv": [8, 3, 8.25, 3.25], "texture": "#0"},
				"south": {"uv": [6.75, 6.75, 8, 7], "texture": "#0"},
				"west": {"uv": [8, 3.25, 8.25, 3.5], "texture": "#0"},
				"up": {"uv": [1.5, 7.25, 0.25, 7], "texture": "#0"},
				"down": {"uv": [3.5, 7, 2.25, 7.25], "texture": "#0"}
			}
		},
		{
			"from": [3.5, 13, 2.65],
			"to": [12.5, 15, 3.65],
			"rotation": {"angle": 22.5, "axis": "x", "origin": [8, 14, 3.15]},
			"faces": {
				"north": {"uv": [5, 2, 7.25, 2.5], "texture": "#0"},
				"east": {"uv": [8, 0, 8.25, 0.5], "texture": "#0"},
				"south": {"uv": [5, 2.5, 7.25, 3], "texture": "#0"},
				"west": {"uv": [0.25, 8, 0.5, 8.5], "texture": "#0"},
				"up": {"uv": [8, 4.25, 5.75, 4], "texture": "#0"},
				"down": {"uv": [8, 4.25, 5.75, 4.5], "texture": "#0"}
			}
		},
		{
			"from": [3.5, 13, 12.35],
			"to": [12.5, 15, 13.35],
			"rotation": {"angle": -22.5, "axis": "x", "origin": [8, 14, 12.85]},
			"faces": {
				"north": {"uv": [5, 3, 7.25, 3.5], "texture": "#0"},
				"east": {"uv": [0.5, 8, 0.75, 8.5], "texture": "#0"},
				"south": {"uv": [5, 3.5, 7.25, 4], "texture": "#0"},
				"west": {"uv": [8, 0.5, 8.25, 1], "texture": "#0"},
				"up": {"uv": [8, 4.75, 5.75, 4.5], "texture": "#0"},
				"down": {"uv": [8, 4.75, 5.75, 5], "texture": "#0"}
			}
		},
		{
			"from": [4.5, 12.15224, 13.11537],
			"to": [11.5, 13.15224, 14.11537],
			"rotation": {"angle": -22.5, "axis": "x", "origin": [8, 12.15224, 13.61537]},
			"faces": {
				"north": {"uv": [5.75, 5, 7.5, 5.25], "texture": "#0"},
				"east": {"uv": [8, 3.5, 8.25, 3.75], "texture": "#0"},
				"south": {"uv": [5.75, 5.25, 7.5, 5.5], "texture": "#0"},
				"west": {"uv": [8, 3.75, 8.25, 4], "texture": "#0"},
				"up": {"uv": [7.5, 5.75, 5.75, 5.5], "texture": "#0"},
				"down": {"uv": [7.5, 5.75, 5.75, 6], "texture": "#0"}
			}
		},
		{
			"from": [13, 16.75, 5],
			"to": [14, 21, 8.5],
			"rotation": {"angle": 0, "axis": "y", "origin": [17, 14.75, 6.25]},
			"faces": {
				"north": {"uv": [3.25, 7.25, 3.5, 8.25], "texture": "#0"},
				"east": {"uv": [5, 4, 5.75, 5], "texture": "#0"},
				"south": {"uv": [7.25, 7, 7.5, 8], "texture": "#0"},
				"west": {"uv": [5, 5, 5.75, 6], "texture": "#0"},
				"up": {"uv": [5, 8.5, 4.75, 7.75], "texture": "#0"},
				"down": {"uv": [5.25, 7.75, 5, 8.5], "texture": "#0"}
			}
		},
		{
			"from": [2, 16.75, 5],
			"to": [3, 21, 8.5],
			"rotation": {"angle": 0, "axis": "y", "origin": [6, 14.75, 6.25]},
			"faces": {
				"north": {"uv": [7.5, 0, 7.75, 1], "texture": "#0"},
				"east": {"uv": [2.5, 5.25, 3.25, 6.25], "texture": "#0"},
				"south": {"uv": [7.5, 1, 7.75, 2], "texture": "#0"},
				"west": {"uv": [3.25, 5.25, 4, 6.25], "texture": "#0"},
				"up": {"uv": [8, 5.75, 7.75, 5], "texture": "#0"},
				"down": {"uv": [5.5, 7.75, 5.25, 8.5], "texture": "#0"}
			}
		},
		{
			"from": [6.75, 17.5, 2],
			"to": [9.25, 20.5, 3],
			"rotation": {"angle": 0, "axis": "y", "origin": [7, 14, -3]},
			"faces": {
				"north": {"uv": [5, 6, 5.625, 6.625], "texture": "#0"},
				"east": {"uv": [5.5, 7.75, 5.75, 8.375], "texture": "#0"},
				"south": {"uv": [5.75, 6, 6.375, 6.625], "texture": "#0"},
				"west": {"uv": [5.75, 7.75, 6, 8.375], "texture": "#0"},
				"up": {"uv": [7.875, 4, 7.25, 3.75], "texture": "#0"},
				"down": {"uv": [8.125, 5.75, 7.5, 6], "texture": "#0"}
			}
		},
		{
			"from": [6.75, 14.25, 2.75],
			"to": [9.25, 16.75, 3.75],
			"rotation": {"angle": 22.5, "axis": "x", "origin": [8, 15.5, 3.25]},
			"faces": {
				"north": {"uv": [2.5, 6.25, 3.125, 6.875], "texture": "#0"},
				"east": {"uv": [6, 7.75, 6.25, 8.375], "texture": "#0"},
				"south": {"uv": [3.25, 6.25, 3.875, 6.875], "texture": "#0"},
				"west": {"uv": [6.25, 7.75, 6.5, 8.375], "texture": "#0"},
				"up": {"uv": [8.375, 7.25, 7.75, 7], "texture": "#0"},
				"down": {"uv": [8.375, 7.25, 7.75, 7.5], "texture": "#0"}
			}
		}
	],
	"display": {
		"thirdperson_righthand": {
			"rotation": [61.69, 1.48, -14.2],
			"translation": [0, 0, -3.25],
			"scale": [0.48242, 0.48242, 0.48242]
		},
		"thirdperson_lefthand": {
			"rotation": [59.72, 1.88, -13.79],
			"translation": [-1.5, 0, -3.25],
			"scale": [0.50781, 0.50781, 0.50781]
		},
		"firstperson_righthand": {
			"rotation": [168.25, 63.75, -180],
			"translation": [3, -1.25, 0],
			"scale": [0.47656, 0.47656, 0.47656]
		},
		"firstperson_lefthand": {
			"rotation": [-180, 60.75, 180],
			"translation": [2.25, 0, 0],
			"scale": [0.36523, 0.36523, 0.36523]
		},
		"ground": {
			"rotation": [49.65, -5.8, -12.52],
			"scale": [0.59961, 0.59961, 0.59961]
		},
		"gui": {
			"rotation": [175.32, -9.52, 173.14],
			"translation": [1, -5.5, 2.25],
			"scale": [0.90625, 0.90625, 0.90625]
		},
		"head": {
			"rotation": [8.25, 0, 0],
			"translation": [0, -8, -1.25],
			"scale": [1.55859, 1.55859, 1.55859]
		},
		"fixed": {
			"translation": [0, -5.75, 1],
			"scale": [1.04297, 1.04297, 1.04297]
		}
	},
	"groups": [
		{
			"name": "group",
			"origin": [8, 8, 8],
			"color": 0,
			"children": [0, 1, 2, 3, 4, 5, 6, 7, 8, 9, 10, 11, 12, 13, 14, 15, 16, 17, 18]
		}
	]
}