{
	"credit": "Made with Blockbench",
	"texture_size": [64, 64],
	"textures": {
		"0": "block/custom/shiny/umbreoncap_shiny",
		"particle": "umbreoncap"
	},
	"elements": [
		{
			"from": [2.5, 0, 4],
			"to": [13.5, 5, 16],
			"rotation": {"angle": 0, "axis": "y", "origin": [7, 0, 8]},
			"faces": {
				"north": {"uv": [5.5, 0, 8.25, 1.25], "texture": "#0"},
				"east": {"uv": [0, 4.75, 3, 6], "texture": "#0"},
				"south": {"uv": [5.5, 1.25, 8.25, 2.5], "texture": "#0"},
				"west": {"uv": [3, 4.75, 6, 6], "texture": "#0"},
				"up": {"uv": [2.75, 3, 0, 0], "texture": "#0"},
				"down": {"uv": [5.5, 0, 2.75, 3], "texture": "#0"}
			}
		},
		{
			"from": [2.6, 0, -2.25],
			"to": [13.4, 1, 4],
			"rotation": {"angle": 0, "axis": "y", "origin": [7, 0, 1]},
			"faces": {
				"north": {"uv": [5.5, 4, 8.25, 4.25], "texture": "#0"},
				"east": {"uv": [5.5, 4.5, 7.125, 4.75], "texture": "#0"},
				"south": {"uv": [5.5, 4.25, 8.25, 4.5], "texture": "#0"},
				"west": {"uv": [3, 6, 4.625, 6.25], "texture": "#0"},
				"up": {"uv": [6, 16, 3.25, 14.375], "texture": "#0"},
				"down": {"uv": [5.5, 3, 2.75, 4.625], "texture": "#0"}
			}
		},
		{
			"from": [1.55, 12.25, 9.65],
			"to": [2.45, 12.75, 10.35],
			"rotation": {"angle": 22.5, "axis": "z", "origin": [2, 8.6875, 10]},
			"faces": {
				"north": {"uv": [6.75, 6, 7, 6.125], "texture": "#0"},
				"east": {"uv": [3, 7, 3.125, 7.125], "texture": "#0"},
				"south": {"uv": [6.25, 6.75, 6.5, 6.875], "texture": "#0"},
				"west": {"uv": [7, 3, 7.125, 3.125], "texture": "#0"},
				"up": {"uv": [7, 6.375, 6.75, 6.25], "texture": "#0"},
				"down": {"uv": [6.75, 6.75, 6.5, 6.875], "texture": "#0"}
			}
		},
		{
			"from": [1.35, 11.15, 9.45],
			"to": [2.65, 12.25, 10.55],
			"rotation": {"angle": 22.5, "axis": "z", "origin": [2, 8.6875, 10]},
			"faces": {
				"north": {"uv": [6.5, 5.25, 6.875, 5.5], "texture": "#0"},
				"east": {"uv": [6, 5.75, 6.25, 6], "texture": "#0"},
				"south": {"uv": [5.5, 6.5, 5.875, 6.75], "texture": "#0"},
				"west": {"uv": [4.5, 6.25, 4.75, 6.5], "texture": "#0"},
				"up": {"uv": [6.875, 5.75, 6.5, 5.5], "texture": "#0"},
				"down": {"uv": [3.375, 6.75, 3, 7], "texture": "#0"}
			}
		},
		{
			"from": [1, 5.35, 9.2],
			"to": [3, 11.15, 10.8],
			"rotation": {"angle": 22.5, "axis": "z", "origin": [2, 8.6875, 10]},
			"faces": {
				"north": {"uv": [5.5, 2.5, 6, 4], "texture": "#0"},
				"east": {"uv": [1.5, 6, 1.875, 7.5], "texture": "#0"},
				"south": {"uv": [0, 6, 0.5, 7.5], "texture": "#0"},
				"west": {"uv": [2, 6, 2.375, 7.5], "texture": "#0"},
				"up": {"uv": [5.25, 6.375, 4.75, 6], "texture": "#0"},
				"down": {"uv": [6.5, 4.75, 6, 5.125], "texture": "#0"}
			}
		},
		{
			"from": [1.25, 4.1, 9.35],
			"to": [2.75, 5.45, 10.65],
			"rotation": {"angle": 22.5, "axis": "z", "origin": [2, 8.6875, 10]},
			"faces": {
				"north": {"uv": [5.75, 6, 6.125, 6.375], "texture": "#0"},
				"east": {"uv": [3, 6.25, 3.375, 6.625], "texture": "#0"},
				"south": {"uv": [3.5, 6.25, 3.875, 6.625], "texture": "#0"},
				"west": {"uv": [4, 6.25, 4.375, 6.625], "texture": "#0"},
				"up": {"uv": [6.625, 6.125, 6.25, 5.75], "texture": "#0"},
				"down": {"uv": [6.625, 6.25, 6.25, 6.625], "texture": "#0"}
			}
		},
		{
			"from": [13.25, 4.1, 9.35],
			"to": [14.75, 5.45, 10.65],
			"rotation": {"angle": -22.5, "axis": "z", "origin": [14, 8.6875, 10]},
			"faces": {
				"north": {"uv": [6.5, 2.5, 6.875, 2.875], "texture": "#0"},
				"east": {"uv": [6.5, 3, 6.875, 3.375], "texture": "#0"},
				"south": {"uv": [6.5, 3.5, 6.875, 3.875], "texture": "#0"},
				"west": {"uv": [4.5, 6.5, 4.875, 6.875], "texture": "#0"},
				"up": {"uv": [6.875, 5.125, 6.5, 4.75], "texture": "#0"},
				"down": {"uv": [5.375, 6.5, 5, 6.875], "texture": "#0"}
			}
		},
		{
			"from": [13, 5.35, 9.2],
			"to": [15, 11.15, 10.8],
			"rotation": {"angle": -22.5, "axis": "z", "origin": [14, 8.6875, 10]},
			"faces": {
				"north": {"uv": [0.5, 6, 1, 7.5], "texture": "#0"},
				"east": {"uv": [2.5, 6, 2.875, 7.5], "texture": "#0"},
				"south": {"uv": [1, 6, 1.5, 7.5], "texture": "#0"},
				"west": {"uv": [6, 2.5, 6.375, 4], "texture": "#0"},
				"up": {"uv": [5.75, 6.375, 5.25, 6], "texture": "#0"},
				"down": {"uv": [6.5, 5.25, 6, 5.625], "texture": "#0"}
			}
		},
		{
			"from": [13.35, 11.15, 9.45],
			"to": [14.65, 12.25, 10.55],
			"rotation": {"angle": -22.5, "axis": "z", "origin": [14, 8.6875, 10]},
			"faces": {
				"north": {"uv": [3.5, 6.75, 3.875, 7], "texture": "#0"},
				"east": {"uv": [6, 6.5, 6.25, 6.75], "texture": "#0"},
				"south": {"uv": [4, 6.75, 4.375, 7], "texture": "#0"},
				"west": {"uv": [6, 6.75, 6.25, 7], "texture": "#0"},
				"up": {"uv": [5.875, 7, 5.5, 6.75], "texture": "#0"},
				"down": {"uv": [7.125, 5.75, 6.75, 6], "texture": "#0"}
			}
		},
		{
			"from": [13.55, 12.25, 9.65],
			"to": [14.45, 12.75, 10.35],
			"rotation": {"angle": -22.5, "axis": "z", "origin": [14, 8.6875, 10]},
			"faces": {
				"north": {"uv": [6.75, 6.5, 7, 6.625], "texture": "#0"},
				"east": {"uv": [3.25, 7, 3.375, 7.125], "texture": "#0"},
				"south": {"uv": [6.75, 6.75, 7, 6.875], "texture": "#0"},
				"west": {"uv": [7, 3.25, 7.125, 3.375], "texture": "#0"},
				"up": {"uv": [7.25, 2.625, 7, 2.5], "texture": "#0"},
				"down": {"uv": [7.25, 2.75, 7, 2.875], "texture": "#0"}
			}
		},
		{
			"from": [6.98087, 1.74131, 15.2125],
			"to": [8.98087, 3.54131, 16.5625],
			"rotation": {"angle": -22.5, "axis": "x", "origin": [7.98087, 2.64131, 19.75]},
			"faces": {
				"north": {"uv": [5.375, 6.5, 5, 6.875], "rotation": 180, "texture": "#0"},
				"east": {"uv": [6.5, 3, 6.875, 3.375], "rotation": 270, "texture": "#0"},
				"south": {"uv": [6.875, 5.125, 6.5, 4.75], "texture": "#0"},
				"west": {"uv": [4.5, 6.5, 4.875, 6.875], "rotation": 90, "texture": "#0"},
				"up": {"uv": [6.5, 2.5, 6.875, 2.875], "rotation": 180, "texture": "#0"},
				"down": {"uv": [6.5, 3.5, 6.875, 3.875], "texture": "#0"}
			}
		},
		{
			"from": [6.73087, 1.59131, 16.4625],
			"to": [9.23087, 3.69131, 22.2625],
			"rotation": {"angle": -22.5, "axis": "x", "origin": [7.98087, 2.64131, 19.75]},
			"faces": {
				"north": {"uv": [6.5, 5.25, 6, 5.625], "rotation": 180, "texture": "#0"},
				"east": {"uv": [2.5, 6, 2.875, 7.5], "rotation": 270, "texture": "#0"},
				"south": {"uv": [5.75, 6.375, 5.25, 6], "texture": "#0"},
				"west": {"uv": [6, 2.5, 6.375, 4], "rotation": 90, "texture": "#0"},
				"up": {"uv": [0.5, 6, 1, 7.5], "rotation": 180, "texture": "#0"},
				"down": {"uv": [1, 6, 1.5, 7.5], "texture": "#0"}
			}
		},
		{
			"from": [7.08087, 1.84131, 22.2625],
			"to": [8.88087, 3.44131, 23.3625],
			"rotation": {"angle": -22.5, "axis": "x", "origin": [7.98087, 2.64131, 19.75]},
			"faces": {
				"north": {"uv": [7.125, 5.75, 6.75, 6], "rotation": 180, "texture": "#0"},
				"east": {"uv": [6, 6.5, 6.25, 6.75], "rotation": 270, "texture": "#0"},
				"south": {"uv": [5.875, 7, 5.5, 6.75], "texture": "#0"},
				"west": {"uv": [6, 6.75, 6.25, 7], "rotation": 90, "texture": "#0"},
				"up": {"uv": [3.5, 6.75, 3.875, 7], "rotation": 180, "texture": "#0"},
				"down": {"uv": [4, 6.75, 4.375, 7], "texture": "#0"}
			}
		},
		{
			"from": [7.28087, 2.04131, 23.3625],
			"to": [8.68087, 3.24131, 23.8625],
			"rotation": {"angle": -22.5, "axis": "x", "origin": [7.98087, 2.64131, 19.75]},
			"faces": {
				"north": {"uv": [7.25, 2.75, 7, 2.875], "rotation": 180, "texture": "#0"},
				"east": {"uv": [3.25, 7, 3.375, 7.125], "rotation": 270, "texture": "#0"},
				"south": {"uv": [7.25, 2.625, 7, 2.5], "texture": "#0"},
				"west": {"uv": [7, 3.25, 7.125, 3.375], "rotation": 90, "texture": "#0"},
				"up": {"uv": [6.75, 6.5, 7, 6.625], "rotation": 180, "texture": "#0"},
				"down": {"uv": [6.75, 6.75, 7, 6.875], "texture": "#0"}
			}
		}
	],
	"display": {
		"thirdperson_righthand": {
			"rotation": [79.29, -15.2, 16.13],
			"translation": [-1.5, 0.75, 1.5],
			"scale": [0.6, 0.6, 0.6]
		},
		"thirdperson_lefthand": {
			"rotation": [77.99, -16.13, 11.33],
			"translation": [-1.5, 0.75, 1.25],
			"scale": [0.6, 0.6, 0.6]
		},
		"firstperson_righthand": {
			"rotation": [163.15, 52.31, 149.88],
			"translation": [0, 4.75, -5.25]
		},
		"firstperson_lefthand": {
			"rotation": [163.15, 52.31, 149.88],
			"translation": [0, 4.75, -5.25]
		},
		"ground": {
			"rotation": [0.94, -0.08, -9.73],
			"translation": [0, 1.25, 0],
			"scale": [0.6, 0.6, 0.6]
		},
		"gui": {
			"rotation": [-172.23, -19.84, 174.53],
			"translation": [0, 2.5, 0],
			"scale": [0.9, 0.9, 0.9]
		},
		"head": {
			"rotation": [2.75, 0, 0],
			"translation": [0, 13, -2],
			"scale": [1.35547, 1.36133, 1.24609]
		},
		"fixed": {
			"rotation": [-89.75, 0, 0],
			"translation": [0, 0, -12],
			"scale": [1.5, 1.5, 1.5]
		}
	},
	"groups": [
		{
			"name": "group",
			"origin": [8, 8, 8],
			"color": 0,
			"children": [0, 1, 2, 3, 4, 5, 6, 7, 8, 9, 10, 11, 12, 13]
		}
	]
}